City_ID,City,Country,Lat,Lng,Max Temp,Current Description,Humidity,Cloudiness,Wind Speed
0,Hilo,US,19.7297,-155.09,80.8,light rain,79,90,3.44
1,Boyuibe,BO,-20.4167,-63.2833,75.11,overcast clouds,48,99,7.43
2,Jinchang,CN,38.4953,102.1739,45.07,overcast clouds,36,100,3.56
3,Coahuayana,MX,18.7333,-103.6833,89.08,clear sky,66,6,6.04
4,Leningradskiy,RU,69.3833,178.4167,8.29,overcast clouds,88,100,4.16
5,Portland,US,45.5234,-122.6762,60.89,broken clouds,64,75,1.99
6,Saint-Augustin,CA,51.226,-58.6502,43.43,overcast clouds,95,100,25.66
7,Isangel,VU,-19.55,169.2667,80.71,overcast clouds,78,90,5.75
8,Qaanaaq,GL,77.484,-69.3632,26.56,overcast clouds,66,100,12.84
9,Hasaki,JP,35.7333,140.8333,55.8,light rain,73,100,13.78
10,Dombarovskiy,RU,69.3833,178.4167,8.29,overcast clouds,88,100,4.16
11,Provideniya,RU,69.3833,178.4167,8.29,overcast clouds,88,100,4.16
12,Kungurtug,RU,69.3833,178.4167,8.29,overcast clouds,88,100,4.16
13,Cape Town,ZA,-33.9258,18.4232,59.41,clear sky,58,0,3.0
14,Avarua,CK,-21.2078,-159.775,77.05,broken clouds,73,75,5.75
15,Flinders,US,45.5234,-122.6762,60.89,broken clouds,64,75,1.99
16,New Norfolk,US,45.5234,-122.6762,60.89,broken clouds,64,75,1.99
17,Ushuaia,AR,-54.8,-68.3,46.06,scattered clouds,61,40,27.63
18,Bilma,NE,18.6853,12.9164,86.38,overcast clouds,15,98,8.34
19,Albany,US,45.5234,-122.6762,60.89,broken clouds,64,75,1.99
20,Vaini,TO,-21.2,-175.2,80.76,scattered clouds,74,40,10.36
21,Puerto Ayora,EC,-0.7393,-90.3518,80.56,broken clouds,80,74,10.87
22,Punta Arenas,CL,-53.15,-70.9167,50.11,scattered clouds,53,40,29.93
23,Rikitea,PF,-23.1203,-134.9692,75.47,few clouds,72,22,20.8
24,Upernavik,GL,77.484,-69.3632,26.56,overcast clouds,66,100,12.84
25,Port Alfred,ZA,-33.9258,18.4232,59.41,clear sky,58,0,3.0
26,Nishihara,JP,35.7333,140.8333,55.8,light rain,73,100,13.78
27,Lebu,CL,-53.15,-70.9167,50.11,scattered clouds,53,40,29.93
28,Iqaluit,CA,51.226,-58.6502,43.43,overcast clouds,95,100,25.66
29,East London,ZA,-33.9258,18.4232,59.41,clear sky,58,0,3.0
30,Bredasdorp,ZA,-33.9258,18.4232,59.41,clear sky,58,0,3.0
31,Nyurba,RU,69.3833,178.4167,8.29,overcast clouds,88,100,4.16
32,Tabas,IR,33.5959,56.9244,70.74,clear sky,16,0,0.83
33,Vydrino,RU,69.3833,178.4167,8.29,overcast clouds,88,100,4.16
34,Souillac,MU,-20.5167,57.5167,74.35,broken clouds,78,75,14.97
35,Atuona,PF,-23.1203,-134.9692,75.47,few clouds,72,22,20.8
36,Carnarvon,US,45.5234,-122.6762,60.89,broken clouds,64,75,1.99
37,Dolores,AR,-54.8,-68.3,46.06,scattered clouds,61,40,27.63
38,Chuy,UY,-33.6971,-53.4616,55.98,scattered clouds,88,27,7.38
39,Jamestown,US,42.097,-79.2353,53.71,few clouds,62,20,1.99
40,Kapaa,US,19.7297,-155.09,80.8,light rain,79,90,3.44
41,Cidreira,BR,-30.1811,-50.2056,60.93,scattered clouds,74,50,7.56
42,Beidao,CN,38.4953,102.1739,45.07,overcast clouds,36,100,3.56
43,Ngunguru,NZ,-35.6167,174.5,70.16,few clouds,65,14,1.48
44,Sola,VU,-19.55,169.2667,80.71,overcast clouds,78,90,5.75
45,Krasnoturansk,RU,69.3833,178.4167,8.29,overcast clouds,88,100,4.16
46,Hobart,US,45.5234,-122.6762,60.89,broken clouds,64,75,1.99
47,Fortuna,US,19.7297,-155.09,80.8,light rain,79,90,3.44
48,Nador,MA,35.174,-2.9287,66.45,clear sky,88,0,1.14
49,Athens,US,19.7297,-155.09,80.8,light rain,79,90,3.44
50,Meulaboh,ID,4.1363,96.1285,77.49,overcast clouds,85,99,2.64
51,Bafata,GW,12.1667,-14.75,78.17,clear sky,83,9,5.08
52,Saint-Pierre,RE,-21.3393,55.4781,71.28,clear sky,70,0,5.75
53,Dargaville,NZ,-35.6167,174.5,70.16,few clouds,65,14,1.48
54,Marawi,PH,7.9986,124.2928,67.64,broken clouds,92,76,2.26
55,Namibe,AO,-15.1961,12.1522,62.67,scattered clouds,86,37,5.03
56,Trincomalee,LK,8.5711,81.2335,80.49,overcast clouds,79,97,18.39
57,Yatou,CN,38.4953,102.1739,45.07,overcast clouds,36,100,3.56
58,Tiksi,RU,69.3833,178.4167,8.29,overcast clouds,88,100,4.16
59,Bisoca,RO,45.5333,26.7,37.83,broken clouds,75,65,5.77
60,Castro,CL,-53.15,-70.9167,50.11,scattered clouds,53,40,29.93
61,Paita,PE,-5.0892,-81.1144,70.36,broken clouds,80,74,17.43
62,Tulum,MX,18.7333,-103.6833,89.08,clear sky,66,6,6.04
63,Busselton,US,45.5234,-122.6762,60.89,broken clouds,64,75,1.99
64,Mangaratiba,BR,-30.1811,-50.2056,60.93,scattered clouds,74,50,7.56
65,Yellowknife,CA,51.226,-58.6502,43.43,overcast clouds,95,100,25.66
66,Norman Wells,CA,51.226,-58.6502,43.43,overcast clouds,95,100,25.66
67,Bluff,NZ,-35.6167,174.5,70.16,few clouds,65,14,1.48
68,Nikolskoye,RU,69.3833,178.4167,8.29,overcast clouds,88,100,4.16
69,Victoria,HK,22.2855,114.1577,76.32,light rain,79,97,1.99
70,Saint George,US,37.1041,-113.5841,64.87,broken clouds,41,75,4.0
71,Hermanus,ZA,-33.9258,18.4232,59.41,clear sky,58,0,3.0
72,Mataura,PF,-23.1203,-134.9692,75.47,few clouds,72,22,20.8
73,Kuche,CN,38.4953,102.1739,45.07,overcast clouds,36,100,3.56
74,Vila Velha,BR,-30.1811,-50.2056,60.93,scattered clouds,74,50,7.56
75,Khatanga,RU,69.3833,178.4167,8.29,overcast clouds,88,100,4.16
76,Katobu,ID,4.1363,96.1285,77.49,overcast clouds,85,99,2.64
77,Xingcheng,CN,38.4953,102.1739,45.07,overcast clouds,36,100,3.56
78,Barrow,US,19.7297,-155.09,80.8,light rain,79,90,3.44
79,Kruisfontein,ZA,-33.9258,18.4232,59.41,clear sky,58,0,3.0
80,Piet Retief,ZA,-33.9258,18.4232,59.41,clear sky,58,0,3.0
81,Vardo,NO,70.3705,31.1107,35.92,overcast clouds,61,99,26.96
82,Severo-Kurilsk,RU,69.3833,178.4167,8.29,overcast clouds,88,100,4.16
83,Sibu,MY,2.3,111.8167,77.31,scattered clouds,100,40,0.0
84,Constitucion,MX,18.7333,-103.6833,89.08,clear sky,66,6,6.04
85,Coralville,US,19.7297,-155.09,80.8,light rain,79,90,3.44
86,Nouadhibou,MR,20.931,-17.0347,73.38,clear sky,68,3,13.8
87,Katsuura,JP,35.7333,140.8333,55.8,light rain,73,100,13.78
88,Aykhal,RU,69.3833,178.4167,8.29,overcast clouds,88,100,4.16
89,Rosarito,MX,18.7333,-103.6833,89.08,clear sky,66,6,6.04
90,Itaituba,BR,-30.1811,-50.2056,60.93,scattered clouds,74,50,7.56
91,Coalcoman,MX,18.7333,-103.6833,89.08,clear sky,66,6,6.04
92,Leiva,CO,1.9339,-77.3025,69.21,light rain,84,61,5.59
93,Port Victoria,KE,0.0939,33.9756,70.3,overcast clouds,78,98,4.7
94,Cherskiy,RU,69.3833,178.4167,8.29,overcast clouds,88,100,4.16
95,Hobyo,SO,5.3505,48.5268,78.71,scattered clouds,84,32,16.46
96,Kodiak,US,19.7297,-155.09,80.8,light rain,79,90,3.44
97,Hami,CN,38.4953,102.1739,45.07,overcast clouds,36,100,3.56
98,Kemise,ET,10.7167,39.8667,64.54,few clouds,46,14,6.51
99,Port Elizabeth,ZA,-33.9258,18.4232,59.41,clear sky,58,0,3.0
100,Cayenne,GF,4.9333,-52.3333,82.09,overcast clouds,83,90,1.01
101,Lavrentiya,RU,69.3833,178.4167,8.29,overcast clouds,88,100,4.16
102,Kaitangata,NZ,-35.6167,174.5,70.16,few clouds,65,14,1.48
103,Bergen,NO,60.392,5.328,47.64,moderate rain,91,75,4.61
104,Butaritari,KI,3.0707,172.7902,81.77,few clouds,69,17,7.18
105,Arraial Do Cabo,BR,-30.1811,-50.2056,60.93,scattered clouds,74,50,7.56
106,Quang Ngai,VN,15.1167,108.8,75.56,overcast clouds,93,100,5.12
107,Gobabis,NA,-22.45,18.9667,61.59,scattered clouds,11,40,14.12
108,Belushya Guba,RU,69.3833,178.4167,8.29,overcast clouds,88,100,4.16
109,Edd,ER,13.9297,41.6925,86.67,clear sky,65,9,1.03
110,Searcy,US,19.7297,-155.09,80.8,light rain,79,90,3.44
111,Carolina,BR,-30.1811,-50.2056,60.93,scattered clouds,74,50,7.56
112,Yanan,CN,38.4953,102.1739,45.07,overcast clouds,36,100,3.56
113,Khovu-Aksy,RU,69.3833,178.4167,8.29,overcast clouds,88,100,4.16
114,Lata,PT,40.1629,-8.3327,64.81,overcast clouds,82,98,2.59
115,Berbera,SO,5.3505,48.5268,78.71,scattered clouds,84,32,16.46
116,Dudinka,RU,69.3833,178.4167,8.29,overcast clouds,88,100,4.16
117,San Patricio,MX,18.7333,-103.6833,89.08,clear sky,66,6,6.04
118,Eureka,US,19.7297,-155.09,80.8,light rain,79,90,3.44
119,Vetlanda,SE,57.4289,15.0776,36.54,overcast clouds,65,100,3.31
120,Hithadhoo,MV,-0.6,73.0833,81.57,overcast clouds,73,92,8.16
121,Bundaberg,US,45.5234,-122.6762,60.89,broken clouds,64,75,1.99
122,Tongren,CN,38.4953,102.1739,45.07,overcast clouds,36,100,3.56
123,Tasiilaq,GL,77.484,-69.3632,26.56,overcast clouds,66,100,12.84
124,Pisco,PE,-5.0892,-81.1144,70.36,broken clouds,80,74,17.43
125,Diebougou,BF,10.9667,-3.25,81.55,light rain,56,96,3.76
126,Fria,GN,10.4167,-13.5833,69.22,light rain,96,71,3.0
127,Fuyu,CN,38.4953,102.1739,45.07,overcast clouds,36,100,3.56
128,Bengkulu,ID,4.1363,96.1285,77.49,overcast clouds,85,99,2.64
129,Dunedin,NZ,-35.6167,174.5,70.16,few clouds,65,14,1.48
130,Tumannyy,RU,69.3833,178.4167,8.29,overcast clouds,88,100,4.16
131,Umiray,PH,15.2206,121.4111,79.72,broken clouds,87,51,9.51
132,Lagoa,PT,39.05,-27.9833,68.2,clear sky,72,2,22.41
133,Corinth,US,19.7297,-155.09,80.8,light rain,79,90,3.44
134,General Roca,AR,-54.8,-68.3,46.06,scattered clouds,61,40,27.63
135,Japura,BR,-30.1811,-50.2056,60.93,scattered clouds,74,50,7.56
136,Coquimbo,CL,-53.15,-70.9167,50.11,scattered clouds,53,40,29.93
137,Palabuhanratu,ID,4.1363,96.1285,77.49,overcast clouds,85,99,2.64
138,Labuhan,ID,4.1363,96.1285,77.49,overcast clouds,85,99,2.64
139,Stornoway,GB,58.2093,-6.3865,57.16,overcast clouds,94,90,20.71
140,Sao Filipe,CV,14.8961,-24.4956,80.08,clear sky,72,2,10.07
141,San Quintin,MX,18.7333,-103.6833,89.08,clear sky,66,6,6.04
142,Hof,NO,70.3705,31.1107,35.92,overcast clouds,61,99,26.96
143,Kenai,US,19.7297,-155.09,80.8,light rain,79,90,3.44
144,Lensk,RU,69.3833,178.4167,8.29,overcast clouds,88,100,4.16
145,Georgetown,US,42.097,-79.2353,53.71,few clouds,62,20,1.99
146,Lorengau,PG,-2.0226,147.2712,84.72,scattered clouds,70,41,10.65
147,Sorland,NO,70.3705,31.1107,35.92,overcast clouds,61,99,26.96
148,Berlevag,NO,70.3705,31.1107,35.92,overcast clouds,61,99,26.96
149,Elko,US,19.7297,-155.09,80.8,light rain,79,90,3.44
150,Nizhneyansk,RU,69.3833,178.4167,8.29,overcast clouds,88,100,4.16
151,Garmsar,IR,33.5959,56.9244,70.74,clear sky,16,0,0.83
152,Ilo,PE,-5.0892,-81.1144,70.36,broken clouds,80,74,17.43
153,Richards Bay,ZA,-33.9258,18.4232,59.41,clear sky,58,0,3.0
154,Kiama,US,45.5234,-122.6762,60.89,broken clouds,64,75,1.99
155,Aklavik,CA,51.226,-58.6502,43.43,overcast clouds,95,100,25.66
156,Hamilton,US,37.1041,-113.5841,64.87,broken clouds,41,75,4.0
157,Najran,SA,17.4924,44.1277,70.45,clear sky,22,3,2.46
158,Mount Gambier,US,45.5234,-122.6762,60.89,broken clouds,64,75,1.99
159,Hualmay,PE,-5.0892,-81.1144,70.36,broken clouds,80,74,17.43
160,Pangnirtung,CA,51.226,-58.6502,43.43,overcast clouds,95,100,25.66
161,Riyadh,SA,17.4924,44.1277,70.45,clear sky,22,3,2.46
162,Roald,NO,70.3705,31.1107,35.92,overcast clouds,61,99,26.96
163,Sulphur Springs,US,19.7297,-155.09,80.8,light rain,79,90,3.44
164,Saskylakh,RU,69.3833,178.4167,8.29,overcast clouds,88,100,4.16
165,Chokurdakh,RU,69.3833,178.4167,8.29,overcast clouds,88,100,4.16
166,Amderma,RU,69.3833,178.4167,8.29,overcast clouds,88,100,4.16
167,Grand Gaube,MU,-20.5167,57.5167,74.35,broken clouds,78,75,14.97
168,Inuvik,CA,51.226,-58.6502,43.43,overcast clouds,95,100,25.66
169,Anadyr,RU,69.3833,178.4167,8.29,overcast clouds,88,100,4.16
170,Juegang,CN,38.4953,102.1739,45.07,overcast clouds,36,100,3.56
171,Thompson,CA,51.226,-58.6502,43.43,overcast clouds,95,100,25.66
172,Bani Walid,LY,31.7566,13.9942,69.1,overcast clouds,61,100,14.72
173,Attawapiskat,CA,51.226,-58.6502,43.43,overcast clouds,95,100,25.66
174,Kampong Thum,KH,12.7111,104.8887,74.26,broken clouds,96,52,3.42
175,Nyagan,RU,69.3833,178.4167,8.29,overcast clouds,88,100,4.16
176,Kaka,TM,37.3482,59.6143,61.95,clear sky,12,5,6.46
177,Huicungo,PE,-5.0892,-81.1144,70.36,broken clouds,80,74,17.43
178,Sinnamary,GF,4.9333,-52.3333,82.09,overcast clouds,83,90,1.01
179,Taoudenni,ML,22.6783,-3.9836,84.6,broken clouds,11,59,11.48
180,Cockburn Town,TC,21.4612,-71.1419,82.04,few clouds,74,21,8.93
181,Gamba,GA,-2.65,10.0,76.05,overcast clouds,84,100,8.19
182,Morgan City,US,19.7297,-155.09,80.8,light rain,79,90,3.44
183,Mys Shmidta,RU,69.3833,178.4167,8.29,overcast clouds,88,100,4.16
184,Itambacuri,BR,-30.1811,-50.2056,60.93,scattered clouds,74,50,7.56
185,Prince Rupert,CA,51.226,-58.6502,43.43,overcast clouds,95,100,25.66
186,Rio Gallegos,AR,-54.8,-68.3,46.06,scattered clouds,61,40,27.63
187,Cartagena,CO,1.9339,-77.3025,69.21,light rain,84,61,5.59
188,Ceyhan,TR,37.0247,35.8175,66.04,broken clouds,80,73,2.21
189,Te Anau,NZ,-35.6167,174.5,70.16,few clouds,65,14,1.48
190,Mehamn,NO,70.3705,31.1107,35.92,overcast clouds,61,99,26.96
191,Mandalgovi,MN,45.7625,106.2708,27.81,clear sky,52,0,7.4
192,Katete,UG,-0.7818,29.7544,63.07,light rain,99,100,2.48
193,Kahului,US,19.7297,-155.09,80.8,light rain,79,90,3.44
194,Tuktoyaktuk,CA,51.226,-58.6502,43.43,overcast clouds,95,100,25.66
195,Beitbridge,ZW,-22.2167,30.0,60.53,overcast clouds,80,100,22.32
196,Madimba,TZ,-10.4,40.3333,74.39,scattered clouds,86,45,7.52
197,Saint-Philippe,RE,-21.3585,55.7679,71.19,scattered clouds,78,42,10.92
198,Ati,TD,13.2154,18.3353,88.75,clear sky,21,9,4.41
199,Sorong,ID,4.1363,96.1285,77.49,overcast clouds,85,99,2.64
200,Mogadishu,SO,5.3505,48.5268,78.71,scattered clouds,84,32,16.46
201,Illoqqortoormiut,GL,77.484,-69.3632,26.56,overcast clouds,66,100,12.84
202,Kirakira,PT,40.1629,-8.3327,64.81,overcast clouds,82,98,2.59
203,Richland,US,19.7297,-155.09,80.8,light rain,79,90,3.44
204,Agucadoura,PT,39.05,-27.9833,68.2,clear sky,72,2,22.41
205,Noumea,NC,-22.2763,166.4572,79.0,overcast clouds,99,100,7.74
206,Guerrero Negro,MX,18.7333,-103.6833,89.08,clear sky,66,6,6.04
207,Along,IN,28.1667,94.7667,71.46,overcast clouds,95,100,1.16
208,Bargal,SO,5.3505,48.5268,78.71,scattered clouds,84,32,16.46
209,Cervo,ES,43.6702,-7.4101,64.13,broken clouds,79,76,4.54
210,Lhokseumawe,ID,4.1363,96.1285,77.49,overcast clouds,85,99,2.64
211,Sao Joao Da Barra,BR,-30.1811,-50.2056,60.93,scattered clouds,74,50,7.56
212,Esperance,US,45.5234,-122.6762,60.89,broken clouds,64,75,1.99
213,Parambu,BR,-30.1811,-50.2056,60.93,scattered clouds,74,50,7.56
214,Fort Nelson,CA,51.226,-58.6502,43.43,overcast clouds,95,100,25.66
215,Cognac,FR,45.5,-0.25,62.2,clear sky,72,0,3.44
216,Mar Del Plata,AR,-54.8,-68.3,46.06,scattered clouds,61,40,27.63
217,Pangai,TO,-21.2,-175.2,80.76,scattered clouds,74,40,10.36
218,Mnogovershinnyy,RU,69.3833,178.4167,8.29,overcast clouds,88,100,4.16
219,Port Hardy,CA,51.226,-58.6502,43.43,overcast clouds,95,100,25.66
220,Mountrath,IE,52.9989,-7.4728,58.77,overcast clouds,94,100,4.99
221,Komsomolskiy,RU,69.3833,178.4167,8.29,overcast clouds,88,100,4.16
222,Dingle,IE,52.9989,-7.4728,58.77,overcast clouds,94,100,4.99
223,Moindou,NC,-22.2763,166.4572,79.0,overcast clouds,99,100,7.74
224,Solnechnyy,RU,69.3833,178.4167,8.29,overcast clouds,88,100,4.16
225,Martapura,ID,4.1363,96.1285,77.49,overcast clouds,85,99,2.64
226,Tabou,CI,4.423,-7.3528,77.23,light rain,88,82,7.0
227,Takikawa,JP,35.7333,140.8333,55.8,light rain,73,100,13.78
228,San Cristobal,EC,-0.7393,-90.3518,80.56,broken clouds,80,74,10.87
229,Mahebourg,MU,-20.5167,57.5167,74.35,broken clouds,78,75,14.97
230,Svetlogorsk,RU,69.3833,178.4167,8.29,overcast clouds,88,100,4.16
231,Konin,PL,52.2234,18.2512,49.05,light rain,80,100,5.46
232,Iquique,CL,-53.15,-70.9167,50.11,scattered clouds,53,40,29.93
233,Olean,US,19.7297,-155.09,80.8,light rain,79,90,3.44
234,Luebo,CD,-5.35,21.4167,70.21,moderate rain,99,100,1.03
235,Puerto Escondido,MX,18.7333,-103.6833,89.08,clear sky,66,6,6.04
236,Westport,IE,52.9989,-7.4728,58.77,overcast clouds,94,100,4.99
237,Bend,US,19.7297,-155.09,80.8,light rain,79,90,3.44
238,Ponot,PH,15.2206,121.4111,79.72,broken clouds,87,51,9.51
239,Salalah,OM,17.0151,54.0924,77.09,few clouds,78,20,3.44
240,Vao,NC,-22.2763,166.4572,79.0,overcast clouds,99,100,7.74
241,Parrita,CR,9.5201,-84.3225,83.98,light rain,80,59,5.88
242,Sioux Lookout,CA,51.226,-58.6502,43.43,overcast clouds,95,100,25.66
243,Talnakh,RU,69.3833,178.4167,8.29,overcast clouds,88,100,4.16
244,Broken Hill,US,45.5234,-122.6762,60.89,broken clouds,64,75,1.99
245,Miri,MY,2.3,111.8167,77.31,scattered clouds,100,40,0.0
246,Shimoda,JP,35.7333,140.8333,55.8,light rain,73,100,13.78
247,Turukhansk,RU,69.3833,178.4167,8.29,overcast clouds,88,100,4.16
248,Shingu,JP,35.7333,140.8333,55.8,light rain,73,100,13.78
249,Dobson,NZ,-35.6167,174.5,70.16,few clouds,65,14,1.48
250,Sungaipenuh,ID,4.1363,96.1285,77.49,overcast clouds,85,99,2.64
251,Bertoua,CM,4.5833,13.6833,66.65,broken clouds,93,78,2.93
252,Cap Malheureux,MU,-20.5167,57.5167,74.35,broken clouds,78,75,14.97
253,Voskresenskoye,RU,69.3833,178.4167,8.29,overcast clouds,88,100,4.16
254,Hirara,JP,35.7333,140.8333,55.8,light rain,73,100,13.78
255,Lobez,PL,52.2234,18.2512,49.05,light rain,80,100,5.46
256,Yulara,US,45.5234,-122.6762,60.89,broken clouds,64,75,1.99
257,Mayo,CA,51.226,-58.6502,43.43,overcast clouds,95,100,25.66
258,Mackay,US,45.5234,-122.6762,60.89,broken clouds,64,75,1.99
259,Ribeira Grande,PT,39.05,-27.9833,68.2,clear sky,72,2,22.41
260,Dikson,RU,69.3833,178.4167,8.29,overcast clouds,88,100,4.16
261,Amapa,BR,-30.1811,-50.2056,60.93,scattered clouds,74,50,7.56
262,Glace Bay,CA,51.226,-58.6502,43.43,overcast clouds,95,100,25.66
263,Praia Da Vitoria,PT,39.05,-27.9833,68.2,clear sky,72,2,22.41
264,Ust-Tsilma,RU,69.3833,178.4167,8.29,overcast clouds,88,100,4.16
265,Qingdao,CN,38.4953,102.1739,45.07,overcast clouds,36,100,3.56
266,Marathon,US,19.7297,-155.09,80.8,light rain,79,90,3.44
267,Bambous Virieux,MU,-20.5167,57.5167,74.35,broken clouds,78,75,14.97
268,Laguna,BR,-30.1811,-50.2056,60.93,scattered clouds,74,50,7.56
269,Sentyabrskiy,RU,69.3833,178.4167,8.29,overcast clouds,88,100,4.16
270,Manyana,BW,-23.4,21.7167,61.05,broken clouds,9,53,13.13
271,Flagstaff,US,19.7297,-155.09,80.8,light rain,79,90,3.44
272,Vanavara,RU,69.3833,178.4167,8.29,overcast clouds,88,100,4.16
273,Celestun,MX,18.7333,-103.6833,89.08,clear sky,66,6,6.04
274,Ust-Kulom,RU,69.3833,178.4167,8.29,overcast clouds,88,100,4.16
275,Rome,US,19.7297,-155.09,80.8,light rain,79,90,3.44
276,Los Llanos De Aridane,ES,43.6702,-7.4101,64.13,broken clouds,79,76,4.54
277,Fairbanks,US,19.7297,-155.09,80.8,light rain,79,90,3.44
278,Christchurch,NZ,-35.6167,174.5,70.16,few clouds,65,14,1.48
279,Verkhnyaya Inta,RU,69.3833,178.4167,8.29,overcast clouds,88,100,4.16
280,Kharp,RU,69.3833,178.4167,8.29,overcast clouds,88,100,4.16
281,Penzance,GB,58.2093,-6.3865,57.16,overcast clouds,94,90,20.71
282,Haines Junction,CA,51.226,-58.6502,43.43,overcast clouds,95,100,25.66
283,Marsa Matruh,EG,31.3525,27.2453,70.84,scattered clouds,66,26,8.46
284,Ekibastuz,KZ,51.6667,75.3667,44.64,few clouds,67,23,4.7
285,Merauke,ID,4.1363,96.1285,77.49,overcast clouds,85,99,2.64
286,Saiha,IN,28.1667,94.7667,71.46,overcast clouds,95,100,1.16
287,Wanning,CN,38.4953,102.1739,45.07,overcast clouds,36,100,3.56
288,Necochea,AR,-54.8,-68.3,46.06,scattered clouds,61,40,27.63
289,Idstein,NO,60.392,5.328,47.64,moderate rain,91,75,4.61
290,Sitka,US,19.7297,-155.09,80.8,light rain,79,90,3.44
291,Umzimvubu,ZA,-33.9258,18.4232,59.41,clear sky,58,0,3.0
292,Kilindoni,TZ,-10.4,40.3333,74.39,scattered clouds,86,45,7.52
293,Bereznik,RU,69.3833,178.4167,8.29,overcast clouds,88,100,4.16
294,Wajir,KE,0.0939,33.9756,70.3,overcast clouds,78,98,4.7
295,Mahibadhoo,MV,-0.6,73.0833,81.57,overcast clouds,73,92,8.16
296,Bethel,US,19.7297,-155.09,80.8,light rain,79,90,3.44
297,Impfondo,CG,1.6381,18.0667,71.73,light rain,90,100,0.92
298,Geraldton,CA,51.226,-58.6502,43.43,overcast clouds,95,100,25.66
299,Gandu,BR,-30.1811,-50.2056,60.93,scattered clouds,74,50,7.56
300,Nexo,DK,55.0607,15.1306,48.29,light rain,78,100,16.49
301,Adrar,MR,20.5022,-10.0711,83.77,overcast clouds,13,99,10.25
302,Ayagoz,KZ,51.6667,75.3667,44.64,few clouds,67,23,4.7
303,Clyde River,CA,51.226,-58.6502,43.43,overcast clouds,95,100,25.66
304,Narsaq,GL,77.484,-69.3632,26.56,overcast clouds,66,100,12.84
305,Thinadhoo,MV,-0.6,73.0833,81.57,overcast clouds,73,92,8.16
306,Kabare,CD,-5.35,21.4167,70.21,moderate rain,99,100,1.03
307,Nelson Bay,US,45.5234,-122.6762,60.89,broken clouds,64,75,1.99
308,Tamworth,US,45.5234,-122.6762,60.89,broken clouds,64,75,1.99
309,Kumluca,TR,37.0247,35.8175,66.04,broken clouds,80,73,2.21
310,Barcelos,BR,-30.1811,-50.2056,60.93,scattered clouds,74,50,7.56
311,Coihaique,CL,-53.15,-70.9167,50.11,scattered clouds,53,40,29.93
312,Yuanping,CN,38.4953,102.1739,45.07,overcast clouds,36,100,3.56
313,Samarai,PG,-2.0226,147.2712,84.72,scattered clouds,70,41,10.65
314,Virar,IN,28.1667,94.7667,71.46,overcast clouds,95,100,1.16
315,Half Moon Bay,US,19.7297,-155.09,80.8,light rain,79,90,3.44
316,Golden,CA,51.226,-58.6502,43.43,overcast clouds,95,100,25.66
317,Pancas,BR,-30.1811,-50.2056,60.93,scattered clouds,74,50,7.56
318,Sinjar,IQ,36.3209,41.8754,67.51,few clouds,46,16,8.88
319,Luxor,EG,31.3525,27.2453,70.84,scattered clouds,66,26,8.46
320,Kitob,UZ,39.0843,66.8332,50.58,clear sky,24,0,2.68
321,Lishui,CN,38.4953,102.1739,45.07,overcast clouds,36,100,3.56
322,Simpang,ID,4.1363,96.1285,77.49,overcast clouds,85,99,2.64
323,Sobolevo,RU,69.3833,178.4167,8.29,overcast clouds,88,100,4.16
324,Havoysund,NO,70.3705,31.1107,35.92,overcast clouds,61,99,26.96
325,Termini Imerese,IT,37.9837,13.6956,64.98,few clouds,80,18,1.97
326,Yerbogachen,RU,69.3833,178.4167,8.29,overcast clouds,88,100,4.16
327,Rocha,UY,-33.6971,-53.4616,55.98,scattered clouds,88,27,7.38
328,Zapolyarnyy,RU,69.3833,178.4167,8.29,overcast clouds,88,100,4.16
329,Rolim De Moura,BR,-30.1811,-50.2056,60.93,scattered clouds,74,50,7.56
330,Touros,BR,-30.1811,-50.2056,60.93,scattered clouds,74,50,7.56
331,Butembo,CD,-5.35,21.4167,70.21,moderate rain,99,100,1.03
332,Trairi,BR,-30.1811,-50.2056,60.93,scattered clouds,74,50,7.56
333,Torbay,CA,51.226,-58.6502,43.43,overcast clouds,95,100,25.66
334,Caohe,CN,38.4953,102.1739,45.07,overcast clouds,36,100,3.56
335,Robinson,US,19.7297,-155.09,80.8,light rain,79,90,3.44
336,Upata,VE,8.0086,-62.3989,77.76,overcast clouds,73,97,0.56
337,Nyandoma,RU,69.3833,178.4167,8.29,overcast clouds,88,100,4.16
338,Natal,BR,-30.1811,-50.2056,60.93,scattered clouds,74,50,7.56
339,Cabo San Lucas,MX,18.7333,-103.6833,89.08,clear sky,66,6,6.04
340,Luderitz,NA,-22.45,18.9667,61.59,scattered clouds,11,40,14.12
341,Ancud,CL,-53.15,-70.9167,50.11,scattered clouds,53,40,29.93
342,Faanui,PF,-23.1203,-134.9692,75.47,few clouds,72,22,20.8
343,Goundi,TD,13.2154,18.3353,88.75,clear sky,21,9,4.41
344,Juneau,US,19.7297,-155.09,80.8,light rain,79,90,3.44
345,Comodoro Rivadavia,AR,-54.8,-68.3,46.06,scattered clouds,61,40,27.63
346,Bushehr,IR,33.5959,56.9244,70.74,clear sky,16,0,0.83
347,Ledyard,US,19.7297,-155.09,80.8,light rain,79,90,3.44
348,Kozhva,RU,69.3833,178.4167,8.29,overcast clouds,88,100,4.16
349,Orcotuna,PE,-5.0892,-81.1144,70.36,broken clouds,80,74,17.43
350,Saint-Joseph,RE,-21.3585,55.7679,71.19,scattered clouds,78,42,10.92
351,Oranzherei,RU,69.3833,178.4167,8.29,overcast clouds,88,100,4.16
352,Astoria,US,19.7297,-155.09,80.8,light rain,79,90,3.44
353,Blagnac,FR,45.5,-0.25,62.2,clear sky,72,0,3.44
354,Black River,JM,18.0264,-77.8487,82.98,broken clouds,74,81,0.6
355,Burhar,IN,28.1667,94.7667,71.46,overcast clouds,95,100,1.16
356,Carutapera,BR,-30.1811,-50.2056,60.93,scattered clouds,74,50,7.56
357,Lac Du Bonnet,CA,51.226,-58.6502,43.43,overcast clouds,95,100,25.66
358,Luba,GQ,3.4568,8.5547,79.38,light rain,84,100,7.2
359,Plettenberg Bay,ZA,-33.9258,18.4232,59.41,clear sky,58,0,3.0
360,La Ronge,CA,51.226,-58.6502,43.43,overcast clouds,95,100,25.66
361,Regina,CA,51.226,-58.6502,43.43,overcast clouds,95,100,25.66
362,Kolda,SN,12.8833,-14.95,79.23,scattered clouds,75,49,2.93
363,Port Hedland,US,45.5234,-122.6762,60.89,broken clouds,64,75,1.99
364,Airai,TL,-8.9266,125.4092,63.81,overcast clouds,85,87,1.81
365,Traralgon,US,45.5234,-122.6762,60.89,broken clouds,64,75,1.99
366,Gbadolite,CD,-5.35,21.4167,70.21,moderate rain,99,100,1.03
367,Tilichiki,RU,69.3833,178.4167,8.29,overcast clouds,88,100,4.16
368,Gasa,PS,31.5,34.4667,69.78,scattered clouds,63,39,7.23
369,Sibolga,ID,4.1363,96.1285,77.49,overcast clouds,85,99,2.64
370,Ariquemes,BR,-30.1811,-50.2056,60.93,scattered clouds,74,50,7.56
371,Sakaiminato,JP,35.7333,140.8333,55.8,light rain,73,100,13.78
372,Bonavista,CA,51.226,-58.6502,43.43,overcast clouds,95,100,25.66
373,Kemijarvi,FI,66.7131,27.4306,28.58,overcast clouds,83,100,9.95
374,Marzuq,LY,31.7566,13.9942,69.1,overcast clouds,61,100,14.72
375,Kutum,PH,7.9986,124.2928,67.64,broken clouds,92,76,2.26
376,Bere,TD,13.2154,18.3353,88.75,clear sky,21,9,4.41
377,Anchorage,US,19.7297,-155.09,80.8,light rain,79,90,3.44
378,Elban,RU,69.3833,178.4167,8.29,overcast clouds,88,100,4.16
379,Hay River,CA,51.226,-58.6502,43.43,overcast clouds,95,100,25.66
380,Kidal,ML,22.6783,-3.9836,84.6,broken clouds,11,59,11.48
381,Port Blair,IN,28.1667,94.7667,71.46,overcast clouds,95,100,1.16
382,Ocos,GT,14.5094,-92.1933,88.3,broken clouds,74,70,5.21
383,Xining,CN,38.4953,102.1739,45.07,overcast clouds,36,100,3.56
384,Danielskuil,ZA,-33.9258,18.4232,59.41,clear sky,58,0,3.0
385,Agadez,NE,18.6853,12.9164,86.38,overcast clouds,15,98,8.34
386,Gardner,US,19.7297,-155.09,80.8,light rain,79,90,3.44
387,Saryshagan,KZ,51.6667,75.3667,44.64,few clouds,67,23,4.7
388,Kavieng,PG,-2.0226,147.2712,84.72,scattered clouds,70,41,10.65
389,Sawtell,US,45.5234,-122.6762,60.89,broken clouds,64,75,1.99
390,Ouesso,CG,1.6381,18.0667,71.73,light rain,90,100,0.92
391,Bathsheba,BB,13.2167,-59.5167,81.21,few clouds,83,20,5.75
392,Khormuj,IR,33.5959,56.9244,70.74,clear sky,16,0,0.83
393,Utiroa,KI,3.0707,172.7902,81.77,few clouds,69,17,7.18
394,Belmonte,BR,-30.1811,-50.2056,60.93,scattered clouds,74,50,7.56
395,Hambantota,LK,8.5711,81.2335,80.49,overcast clouds,79,97,18.39
396,Praia,CV,14.8961,-24.4956,80.08,clear sky,72,2,10.07
397,Spring Hill,US,19.7297,-155.09,80.8,light rain,79,90,3.44
398,Caravelas,BR,-30.1811,-50.2056,60.93,scattered clouds,74,50,7.56
399,Katangli,RU,69.3833,178.4167,8.29,overcast clouds,88,100,4.16
400,Tautira,PF,-23.1203,-134.9692,75.47,few clouds,72,22,20.8
401,Fushan,CN,38.4953,102.1739,45.07,overcast clouds,36,100,3.56
402,Dzhankoy,UA,45.7167,34.4,45.37,scattered clouds,64,35,7.43
403,Trabzon,TR,37.0247,35.8175,66.04,broken clouds,80,73,2.21
404,Bartica,GY,6.4,-58.6167,77.32,broken clouds,82,84,4.79
405,Yumen,CN,38.4953,102.1739,45.07,overcast clouds,36,100,3.56
406,Mazagao,BR,-30.1811,-50.2056,60.93,scattered clouds,74,50,7.56
407,Verkhovazhye,RU,69.3833,178.4167,8.29,overcast clouds,88,100,4.16
408,Gat,LY,31.7566,13.9942,69.1,overcast clouds,61,100,14.72
409,Sangar,RU,69.3833,178.4167,8.29,overcast clouds,88,100,4.16
410,Nantucket,US,19.7297,-155.09,80.8,light rain,79,90,3.44
411,Mwene-Ditu,CD,-5.35,21.4167,70.21,moderate rain,99,100,1.03
412,Nokaneng,BW,-23.4,21.7167,61.05,broken clouds,9,53,13.13
413,Abu Dhabi,AE,24.4667,54.3667,87.82,clear sky,70,0,4.61
414,Constantine,MR,20.5022,-10.0711,83.77,overcast clouds,13,99,10.25
415,North Platte,US,19.7297,-155.09,80.8,light rain,79,90,3.44
416,Morondava,MG,-20.2833,44.2833,76.53,clear sky,68,1,8.1
417,Finschhafen,PG,-2.0226,147.2712,84.72,scattered clouds,70,41,10.65
418,Ambilobe,MG,-20.2833,44.2833,76.53,clear sky,68,1,8.1
419,Pevek,RU,69.3833,178.4167,8.29,overcast clouds,88,100,4.16
420,Saldanha,ZA,-33.9258,18.4232,59.41,clear sky,58,0,3.0
421,Betsiamites,CA,51.226,-58.6502,43.43,overcast clouds,95,100,25.66
422,Dandong,CN,38.4953,102.1739,45.07,overcast clouds,36,100,3.56
423,Novoagansk,RU,69.3833,178.4167,8.29,overcast clouds,88,100,4.16
424,Bac Lieu,VN,15.1167,108.8,75.56,overcast clouds,93,100,5.12
425,Manaquiri,BR,-30.1811,-50.2056,60.93,scattered clouds,74,50,7.56
426,Charters Towers,US,45.5234,-122.6762,60.89,broken clouds,64,75,1.99
427,Pangkalanbuun,ID,4.1363,96.1285,77.49,overcast clouds,85,99,2.64
428,Ponta Do Sol,CV,14.8961,-24.4956,80.08,clear sky,72,2,10.07
429,Teguldet,RU,69.3833,178.4167,8.29,overcast clouds,88,100,4.16
430,Bokspits,BW,-23.4,21.7167,61.05,broken clouds,9,53,13.13
431,Bilibino,RU,69.3833,178.4167,8.29,overcast clouds,88,100,4.16
432,Terney,RU,69.3833,178.4167,8.29,overcast clouds,88,100,4.16
433,Waipawa,NZ,-35.6167,174.5,70.16,few clouds,65,14,1.48
434,Kismayo,SO,5.3505,48.5268,78.71,scattered clouds,84,32,16.46
435,Shelburne,CA,51.226,-58.6502,43.43,overcast clouds,95,100,25.66
436,Ostrovnoy,RU,69.3833,178.4167,8.29,overcast clouds,88,100,4.16
437,Pallasovka,RU,69.3833,178.4167,8.29,overcast clouds,88,100,4.16
438,Lompoc,US,19.7297,-155.09,80.8,light rain,79,90,3.44
439,Colinas,BR,-30.1811,-50.2056,60.93,scattered clouds,74,50,7.56
440,Potsdam,US,19.7297,-155.09,80.8,light rain,79,90,3.44
441,Yangjiang,CN,38.4953,102.1739,45.07,overcast clouds,36,100,3.56
442,Jalu,LY,31.7566,13.9942,69.1,overcast clouds,61,100,14.72
443,Virginia Beach,US,19.7297,-155.09,80.8,light rain,79,90,3.44
444,Divnogorsk,RU,69.3833,178.4167,8.29,overcast clouds,88,100,4.16
445,Tayoltita,MX,18.7333,-103.6833,89.08,clear sky,66,6,6.04
446,Basco,PH,15.2206,121.4111,79.72,broken clouds,87,51,9.51
447,Bakel,SN,12.8833,-14.95,79.23,scattered clouds,75,49,2.93
448,Singaraja,ID,4.1363,96.1285,77.49,overcast clouds,85,99,2.64
449,Mackenzie,CA,51.226,-58.6502,43.43,overcast clouds,95,100,25.66
450,Reinosa,ES,43.6702,-7.4101,64.13,broken clouds,79,76,4.54
451,Nanortalik,GL,77.484,-69.3632,26.56,overcast clouds,66,100,12.84
452,Kamen-Na-Obi,RU,69.3833,178.4167,8.29,overcast clouds,88,100,4.16
453,Taiyuan,CN,38.4953,102.1739,45.07,overcast clouds,36,100,3.56
454,Zhezkazgan,KZ,51.6667,75.3667,44.64,few clouds,67,23,4.7
455,Tarakan,ID,4.1363,96.1285,77.49,overcast clouds,85,99,2.64
456,Youhao,CN,38.4953,102.1739,45.07,overcast clouds,36,100,3.56
457,Gazanjyk,TM,37.3482,59.6143,61.95,clear sky,12,5,6.46
458,Goderich,CA,43.7501,-81.7165,55.9,clear sky,54,8,8.05
459,Haibowan,CN,38.4953,102.1739,45.07,overcast clouds,36,100,3.56
460,Minsk Mazowiecki,PL,52.2234,18.2512,49.05,light rain,80,100,5.46
461,Brigantine,US,19.7297,-155.09,80.8,light rain,79,90,3.44
462,Arti,RU,69.3833,178.4167,8.29,overcast clouds,88,100,4.16
463,Debre Tabor,ET,10.7167,39.8667,64.54,few clouds,46,14,6.51
464,Dolbeau,CA,51.226,-58.6502,43.43,overcast clouds,95,100,25.66
465,Araouane,ML,22.6783,-3.9836,84.6,broken clouds,11,59,11.48
466,Abu Samrah,SY,35.3029,37.1841,62.73,clear sky,76,8,8.79
467,Shaunavon,CA,51.226,-58.6502,43.43,overcast clouds,95,100,25.66
468,Kopervik,NO,70.3705,31.1107,35.92,overcast clouds,61,99,26.96
469,Pacific Grove,US,19.7297,-155.09,80.8,light rain,79,90,3.44
470,San Andres,CO,1.9339,-77.3025,69.21,light rain,84,61,5.59
471,Novomykolayivka,UA,45.7167,34.4,45.37,scattered clouds,64,35,7.43
472,Avera,PF,-23.1203,-134.9692,75.47,few clouds,72,22,20.8
473,Talaya,RU,69.3833,178.4167,8.29,overcast clouds,88,100,4.16
474,Thoen,TH,17.6129,99.2161,71.69,overcast clouds,99,100,1.48
475,Roma,US,45.5234,-122.6762,60.89,broken clouds,64,75,1.99
476,Muisne,EC,-0.7393,-90.3518,80.56,broken clouds,80,74,10.87
477,Ilulissat,GL,77.484,-69.3632,26.56,overcast clouds,66,100,12.84
478,Altay,CN,38.4953,102.1739,45.07,overcast clouds,36,100,3.56
479,Roberto Payan,CO,1.9339,-77.3025,69.21,light rain,84,61,5.59
480,Rio Grande,BR,-30.1811,-50.2056,60.93,scattered clouds,74,50,7.56
481,Kanniyakumari,IN,28.1667,94.7667,71.46,overcast clouds,95,100,1.16
482,Doha,QA,25.2867,51.5333,85.98,clear sky,51,0,10.36
483,Awjilah,LY,31.7566,13.9942,69.1,overcast clouds,61,100,14.72
484,Kadykchan,RU,69.3833,178.4167,8.29,overcast clouds,88,100,4.16
485,Itoman,JP,35.7333,140.8333,55.8,light rain,73,100,13.78
486,Gore,ET,10.7167,39.8667,64.54,few clouds,46,14,6.51
487,Huarmey,PE,-5.0892,-81.1144,70.36,broken clouds,80,74,17.43
488,Sobeslav,CZ,49.2599,14.7186,45.84,overcast clouds,79,100,5.48
489,Tiarei,PF,-23.1203,-134.9692,75.47,few clouds,72,22,20.8
490,Muscat,OM,17.0151,54.0924,77.09,few clouds,78,20,3.44
491,Lima,PE,-5.0892,-81.1144,70.36,broken clouds,80,74,17.43
492,Egvekinot,RU,69.3833,178.4167,8.29,overcast clouds,88,100,4.16
493,Mvomero,TZ,-10.4,40.3333,74.39,scattered clouds,86,45,7.52
494,Alberdi,AR,-32.8899,-60.6906,74.91,clear sky,34,0,1.01
495,Zhuhai,CN,38.4953,102.1739,45.07,overcast clouds,36,100,3.56
496,Klaksvik,FO,62.2266,-6.589,52.72,overcast clouds,98,100,26.91
497,Muswellbrook,US,45.5234,-122.6762,60.89,broken clouds,64,75,1.99
498,Alekseyevka,KZ,51.6667,75.3667,44.64,few clouds,67,23,4.7
499,Ulubaria,IN,28.1667,94.7667,71.46,overcast clouds,95,100,1.16
500,Aswan,EG,31.3525,27.2453,70.84,scattered clouds,66,26,8.46
501,Redmond,US,19.7297,-155.09,80.8,light rain,79,90,3.44
502,Aberdeen,US,19.7297,-155.09,80.8,light rain,79,90,3.44
503,Pore,CO,1.9339,-77.3025,69.21,light rain,84,61,5.59
504,Anloga,GH,5.7947,0.8973,79.99,overcast clouds,79,100,8.88
505,Alugan,PH,15.2206,121.4111,79.72,broken clouds,87,51,9.51
506,Walvis Bay,NA,-22.45,18.9667,61.59,scattered clouds,11,40,14.12
507,Ampanihy,MG,-20.2833,44.2833,76.53,clear sky,68,1,8.1
508,Estevan,CA,51.226,-58.6502,43.43,overcast clouds,95,100,25.66
509,Kabalo,CD,-5.35,21.4167,70.21,moderate rain,99,100,1.03
510,Ekhabi,RU,69.3833,178.4167,8.29,overcast clouds,88,100,4.16
511,Suntar,RU,69.3833,178.4167,8.29,overcast clouds,88,100,4.16
512,Padang,ID,4.1363,96.1285,77.49,overcast clouds,85,99,2.64
513,Hanzhong,CN,38.4953,102.1739,45.07,overcast clouds,36,100,3.56
514,Boa Vista,BR,-30.1811,-50.2056,60.93,scattered clouds,74,50,7.56
515,Pafos,CY,34.7667,32.4167,69.71,scattered clouds,68,40,5.75
516,Garden City,US,19.7297,-155.09,80.8,light rain,79,90,3.44
517,Bugene,TZ,-10.4,40.3333,74.39,scattered clouds,86,45,7.52
518,Muros,ES,43.6702,-7.4101,64.13,broken clouds,79,76,4.54
519,Wad Rawah,PH,7.9986,124.2928,67.64,broken clouds,92,76,2.26
520,Barawe,SO,5.3505,48.5268,78.71,scattered clouds,84,32,16.46
521,Grand River South East,MU,-20.5167,57.5167,74.35,broken clouds,78,75,14.97
522,Zambezi,UG,-0.7818,29.7544,63.07,light rain,99,100,2.48
523,Gornopravdinsk,RU,69.3833,178.4167,8.29,overcast clouds,88,100,4.16
524,Tigil,RU,69.3833,178.4167,8.29,overcast clouds,88,100,4.16
525,Sur,OM,17.0151,54.0924,77.09,few clouds,78,20,3.44
526,Pastavy,BY,55.1168,26.8326,36.14,clear sky,83,7,10.4
527,Magugu,TZ,-10.4,40.3333,74.39,scattered clouds,86,45,7.52
528,Vanimo,PG,-2.0226,147.2712,84.72,scattered clouds,70,41,10.65
529,Burnie,US,45.5234,-122.6762,60.89,broken clouds,64,75,1.99
530,Prieska,ZA,-33.9258,18.4232,59.41,clear sky,58,0,3.0
531,Ryotsu,JP,35.7333,140.8333,55.8,light rain,73,100,13.78
532,Teofilo Otoni,BR,-30.1811,-50.2056,60.93,scattered clouds,74,50,7.56
533,Arenzano,IT,37.9837,13.6956,64.98,few clouds,80,18,1.97
534,Majene,ID,4.1363,96.1285,77.49,overcast clouds,85,99,2.64
535,Codrington,AU,-38.2667,141.9667,51.82,broken clouds,84,69,12.35
536,Arlit,NE,18.6853,12.9164,86.38,overcast clouds,15,98,8.34
537,Lasa,CN,38.4953,102.1739,45.07,overcast clouds,36,100,3.56
538,Tigzirt,MR,20.5022,-10.0711,83.77,overcast clouds,13,99,10.25
539,Sabang,ID,4.1363,96.1285,77.49,overcast clouds,85,99,2.64
540,Monze,UG,-0.7818,29.7544,63.07,light rain,99,100,2.48
541,Ingham,US,45.5234,-122.6762,60.89,broken clouds,64,75,1.99
542,Huntingdon,CA,51.226,-58.6502,43.43,overcast clouds,95,100,25.66
543,Niamey,NE,18.6853,12.9164,86.38,overcast clouds,15,98,8.34
544,Bali Chak,IN,28.1667,94.7667,71.46,overcast clouds,95,100,1.16
545,Newport,US,19.7297,-155.09,80.8,light rain,79,90,3.44
546,Sheridan,US,19.7297,-155.09,80.8,light rain,79,90,3.44
547,Catu,BR,-30.1811,-50.2056,60.93,scattered clouds,74,50,7.56
548,Kankon,IN,28.1667,94.7667,71.46,overcast clouds,95,100,1.16
549,Kamenskoye,RU,69.3833,178.4167,8.29,overcast clouds,88,100,4.16
550,Coronel Mariduena,EC,-0.7393,-90.3518,80.56,broken clouds,80,74,10.87
551,Requena,PE,-5.0892,-81.1144,70.36,broken clouds,80,74,17.43
552,Balykshi,KZ,51.6667,75.3667,44.64,few clouds,67,23,4.7
553,Socorro,US,19.7297,-155.09,80.8,light rain,79,90,3.44
554,Coro,VE,8.0086,-62.3989,77.76,overcast clouds,73,97,0.56
555,Kedrovyy,RU,69.3833,178.4167,8.29,overcast clouds,88,100,4.16
556,Sinop,TR,37.0247,35.8175,66.04,broken clouds,80,73,2.21
557,Canutama,BR,-30.1811,-50.2056,60.93,scattered clouds,74,50,7.56
558,Bur Gabo,SO,5.3505,48.5268,78.71,scattered clouds,84,32,16.46
559,Sao Lourenco Do Oeste,BR,-30.1811,-50.2056,60.93,scattered clouds,74,50,7.56
560,Ahipara,NZ,-35.6167,174.5,70.16,few clouds,65,14,1.48
561,Taree,US,45.5234,-122.6762,60.89,broken clouds,64,75,1.99
562,Teeli,RU,69.3833,178.4167,8.29,overcast clouds,88,100,4.16
563,Gallup,US,19.7297,-155.09,80.8,light rain,79,90,3.44
564,Salinas,EC,-0.7393,-90.3518,80.56,broken clouds,80,74,10.87
565,Eyl,SO,5.3505,48.5268,78.71,scattered clouds,84,32,16.46
566,Wageningen,NL,51.9667,5.6667,57.94,overcast clouds,85,90,9.22
567,Port Macquarie,US,45.5234,-122.6762,60.89,broken clouds,64,75,1.99
568,Orcopampa,PE,-5.0892,-81.1144,70.36,broken clouds,80,74,17.43
569,Rajpipla,IN,28.1667,94.7667,71.46,overcast clouds,95,100,1.16
570,Manaure,CO,1.9339,-77.3025,69.21,light rain,84,61,5.59
571,Peterongan,ID,4.1363,96.1285,77.49,overcast clouds,85,99,2.64
572,Kaitong,CN,38.4953,102.1739,45.07,overcast clouds,36,100,3.56
573,Ovalle,CL,-53.15,-70.9167,50.11,scattered clouds,53,40,29.93
574,Korla,CN,38.4953,102.1739,45.07,overcast clouds,36,100,3.56
575,Buala,PT,40.1629,-8.3327,64.81,overcast clouds,82,98,2.59
576,Almeirim,BR,-30.1811,-50.2056,60.93,scattered clouds,74,50,7.56
577,Kavaratti,IN,28.1667,94.7667,71.46,overcast clouds,95,100,1.16
578,Aloleng,PH,15.2206,121.4111,79.72,broken clouds,87,51,9.51
579,Sabzevar,IR,33.5959,56.9244,70.74,clear sky,16,0,0.83
580,Nome,US,19.7297,-155.09,80.8,light rain,79,90,3.44
581,Sciacca,IT,37.9837,13.6956,64.98,few clouds,80,18,1.97
582,Kokopo,PG,-2.0226,147.2712,84.72,scattered clouds,70,41,10.65
583,Atambua,ID,4.1363,96.1285,77.49,overcast clouds,85,99,2.64
584,Guozhen,CN,38.4953,102.1739,45.07,overcast clouds,36,100,3.56
585,Ozinki,RU,69.3833,178.4167,8.29,overcast clouds,88,100,4.16
586,Bafoulabe,ML,22.6783,-3.9836,84.6,broken clouds,11,59,11.48
587,Puerto Baquerizo Moreno,EC,-0.7393,-90.3518,80.56,broken clouds,80,74,10.87
588,Petropavlovsk-Kamchatskiy,RU,69.3833,178.4167,8.29,overcast clouds,88,100,4.16
589,Wajima,JP,35.7333,140.8333,55.8,light rain,73,100,13.78
590,Khrebtovaya,RU,69.3833,178.4167,8.29,overcast clouds,88,100,4.16
591,Channel-Port Aux Basques,CA,51.226,-58.6502,43.43,overcast clouds,95,100,25.66
592,Lyuban,BY,55.1168,26.8326,36.14,clear sky,83,7,10.4
593,Moose Factory,CA,51.226,-58.6502,43.43,overcast clouds,95,100,25.66
594,Nizhniy Ingash,RU,69.3833,178.4167,8.29,overcast clouds,88,100,4.16
595,La Baule-Escoublac,FR,45.5,-0.25,62.2,clear sky,72,0,3.44
596,Siderno,IT,37.9837,13.6956,64.98,few clouds,80,18,1.97
597,Malanje,AO,-15.1961,12.1522,62.67,scattered clouds,86,37,5.03
598,Xinzhou,CN,38.4953,102.1739,45.07,overcast clouds,36,100,3.56
599,Geraldton,US,45.5234,-122.6762,60.89,broken clouds,64,75,1.99
600,Disna,BY,55.1168,26.8326,36.14,clear sky,83,7,10.4
601,Hohoe,GH,5.7947,0.8973,79.99,overcast clouds,79,100,8.88
602,Port-Gentil,GA,-2.65,10.0,76.05,overcast clouds,84,100,8.19
603,Waingapu,ID,4.1363,96.1285,77.49,overcast clouds,85,99,2.64
604,Faya,TD,13.2154,18.3353,88.75,clear sky,21,9,4.41
605,Paamiut,GL,77.484,-69.3632,26.56,overcast clouds,66,100,12.84
606,Tubruq,LY,31.7566,13.9942,69.1,overcast clouds,61,100,14.72
607,Rock Sound,BS,24.9,-76.2,79.86,broken clouds,69,80,16.02
608,Khani,RU,69.3833,178.4167,8.29,overcast clouds,88,100,4.16
609,Shar,KZ,51.6667,75.3667,44.64,few clouds,67,23,4.7
610,Saint-Denis,RE,-21.3585,55.7679,71.19,scattered clouds,78,42,10.92
611,Zolotinka,RU,69.3833,178.4167,8.29,overcast clouds,88,100,4.16
612,Nipawin,CA,51.226,-58.6502,43.43,overcast clouds,95,100,25.66
613,Magadan,RU,69.3833,178.4167,8.29,overcast clouds,88,100,4.16
614,Gwanda,ZW,-22.2167,30.0,60.53,overcast clouds,80,100,22.32
615,Iralaya,HN,15.0,-83.2333,82.49,overcast clouds,75,100,6.93
616,Kuzhithurai,IN,28.1667,94.7667,71.46,overcast clouds,95,100,1.16
617,Oystese,NO,70.3705,31.1107,35.92,overcast clouds,61,99,26.96
618,Anito,PH,15.2206,121.4111,79.72,broken clouds,87,51,9.51
619,Luanda,AO,-15.1961,12.1522,62.67,scattered clouds,86,37,5.03
620,Diego De Almagro,CL,-53.15,-70.9167,50.11,scattered clouds,53,40,29.93
621,Sonoita,MX,18.7333,-103.6833,89.08,clear sky,66,6,6.04
622,Izumo,JP,35.7333,140.8333,55.8,light rain,73,100,13.78
623,Liverpool,CA,51.226,-58.6502,43.43,overcast clouds,95,100,25.66
624,Encantado,BR,-30.1811,-50.2056,60.93,scattered clouds,74,50,7.56
625,Melilla,ES,43.6702,-7.4101,64.13,broken clouds,79,76,4.54
626,Kaohsiung,TW,22.6163,120.3133,76.03,scattered clouds,81,40,1.01
627,Lugovoy,RU,69.3833,178.4167,8.29,overcast clouds,88,100,4.16
628,Payo,PH,15.2206,121.4111,79.72,broken clouds,87,51,9.51
629,Uttaradit,TH,17.6129,99.2161,71.69,overcast clouds,99,100,1.48
630,Great Yarmouth,GB,58.2093,-6.3865,57.16,overcast clouds,94,90,20.71
631,Porto Novo,CV,14.8961,-24.4956,80.08,clear sky,72,2,10.07
632,Daxian,CN,38.4953,102.1739,45.07,overcast clouds,36,100,3.56
633,Linapacan,PH,15.2206,121.4111,79.72,broken clouds,87,51,9.51
634,Wahran,MR,20.5022,-10.0711,83.77,overcast clouds,13,99,10.25
635,Aksarka,RU,69.3833,178.4167,8.29,overcast clouds,88,100,4.16
636,Hovd,MN,45.7625,106.2708,27.81,clear sky,52,0,7.4
637,Dipkarpaz,CY,34.7667,32.4167,69.71,scattered clouds,68,40,5.75
638,Cartagena,ES,43.6702,-7.4101,64.13,broken clouds,79,76,4.54
639,Tiznit,MA,35.174,-2.9287,66.45,clear sky,88,0,1.14
640,Qaqortoq,GL,77.484,-69.3632,26.56,overcast clouds,66,100,12.84
641,Luau,AO,-15.1961,12.1522,62.67,scattered clouds,86,37,5.03
642,Kalabagh,PK,32.965,71.557,77.7,clear sky,37,0,1.16
643,Dhidhdhoo,MV,-0.6,73.0833,81.57,overcast clouds,73,92,8.16
644,Laiagam,PG,-2.0226,147.2712,84.72,scattered clouds,70,41,10.65
645,Youghal,IE,52.9989,-7.4728,58.77,overcast clouds,94,100,4.99
646,Halifax,CA,51.226,-58.6502,43.43,overcast clouds,95,100,25.66
647,Bonfim,BR,-30.1811,-50.2056,60.93,scattered clouds,74,50,7.56
648,Farmington,US,19.7297,-155.09,80.8,light rain,79,90,3.44
649,Alexandria,US,19.7297,-155.09,80.8,light rain,79,90,3.44
650,Dakar,SN,12.8833,-14.95,79.23,scattered clouds,75,49,2.93
651,Paso De Carrasco,UY,-33.6971,-53.4616,55.98,scattered clouds,88,27,7.38
652,Mega,ET,10.7167,39.8667,64.54,few clouds,46,14,6.51
653,Tezu,IN,28.1667,94.7667,71.46,overcast clouds,95,100,1.16
654,Louisbourg,CA,51.226,-58.6502,43.43,overcast clouds,95,100,25.66
655,Sadiqabad,PK,32.965,71.557,77.7,clear sky,37,0,1.16
656,Karratha,US,45.5234,-122.6762,60.89,broken clouds,64,75,1.99
657,Cessnock,US,45.5234,-122.6762,60.89,broken clouds,64,75,1.99
658,Saint-Georges,GF,4.9333,-52.3333,82.09,overcast clouds,83,90,1.01
659,Udachnyy,RU,69.3833,178.4167,8.29,overcast clouds,88,100,4.16
660,Ylojarvi,FI,66.7131,27.4306,28.58,overcast clouds,83,100,9.95
661,Hunchun,CN,38.4953,102.1739,45.07,overcast clouds,36,100,3.56
662,Gizo,PT,40.1629,-8.3327,64.81,overcast clouds,82,98,2.59
663,Bud,NO,70.3705,31.1107,35.92,overcast clouds,61,99,26.96
664,Miranorte,BR,-30.1811,-50.2056,60.93,scattered clouds,74,50,7.56
665,Holland,US,19.7297,-155.09,80.8,light rain,79,90,3.44
666,Cururupu,BR,-30.1811,-50.2056,60.93,scattered clouds,74,50,7.56
667,Marsabit,KE,0.0939,33.9756,70.3,overcast clouds,78,98,4.7
668,Ixtapa,MX,18.7333,-103.6833,89.08,clear sky,66,6,6.04
669,Alice Springs,US,45.5234,-122.6762,60.89,broken clouds,64,75,1.99
670,Phultala,BD,22.7,89.5167,76.01,moderate rain,98,100,3.78
671,Kostino,RU,69.3833,178.4167,8.29,overcast clouds,88,100,4.16
672,Puerto Del Rosario,ES,43.6702,-7.4101,64.13,broken clouds,79,76,4.54
673,Tillabery,NE,18.6853,12.9164,86.38,overcast clouds,15,98,8.34
674,Kaberamaido,UG,1.7389,33.1594,68.56,overcast clouds,86,89,0.4
675,Namtsy,RU,69.3833,178.4167,8.29,overcast clouds,88,100,4.16
676,Acapulco,MX,18.7333,-103.6833,89.08,clear sky,66,6,6.04
677,Deputatskiy,RU,69.3833,178.4167,8.29,overcast clouds,88,100,4.16
678,Bubaque,GW,12.1667,-14.75,78.17,clear sky,83,9,5.08
679,Springbok,ZA,-33.9258,18.4232,59.41,clear sky,58,0,3.0
680,Usinsk,RU,69.3833,178.4167,8.29,overcast clouds,88,100,4.16
681,Auki,PT,40.1629,-8.3327,64.81,overcast clouds,82,98,2.59
682,College,US,19.7297,-155.09,80.8,light rain,79,90,3.44
683,Topeka,US,19.7297,-155.09,80.8,light rain,79,90,3.44
684,Santiago,CR,9.5201,-84.3225,83.98,light rain,80,59,5.88
685,Havelock,US,19.7297,-155.09,80.8,light rain,79,90,3.44
686,Sibuco,PH,15.2206,121.4111,79.72,broken clouds,87,51,9.51
687,Nagapattinam,IN,28.1667,94.7667,71.46,overcast clouds,95,100,1.16
688,Vostok,RU,69.3833,178.4167,8.29,overcast clouds,88,100,4.16
689,Gorontalo,ID,4.1363,96.1285,77.49,overcast clouds,85,99,2.64
690,Tigbao,PH,15.2206,121.4111,79.72,broken clouds,87,51,9.51
691,Pomuch,MX,18.7333,-103.6833,89.08,clear sky,66,6,6.04
692,Davydivka,UA,45.7167,34.4,45.37,scattered clouds,64,35,7.43
693,Mount Isa,US,45.5234,-122.6762,60.89,broken clouds,64,75,1.99
694,Shetpe,KZ,51.6667,75.3667,44.64,few clouds,67,23,4.7
695,Chechat,IN,28.1667,94.7667,71.46,overcast clouds,95,100,1.16
696,Betong,TH,17.6129,99.2161,71.69,overcast clouds,99,100,1.48
697,Umm Kaddadah,PH,7.9986,124.2928,67.64,broken clouds,92,76,2.26
698,Gari,RU,69.3833,178.4167,8.29,overcast clouds,88,100,4.16
699,Rundu,NA,-22.45,18.9667,61.59,scattered clouds,11,40,14.12
700,Grindavik,IS,63.8424,-22.4338,48.15,light intensity drizzle,87,100,21.85
701,Pochutla,MX,18.7333,-103.6833,89.08,clear sky,66,6,6.04
702,Guiren,CN,38.4953,102.1739,45.07,overcast clouds,36,100,3.56
703,Robertsport,LR,6.7533,-11.3686,79.18,moderate rain,83,17,7.94
704,Luganville,VU,-19.55,169.2667,80.71,overcast clouds,78,90,5.75
705,Kavali,IN,28.1667,94.7667,71.46,overcast clouds,95,100,1.16
706,Warkworth,NZ,-35.6167,174.5,70.16,few clouds,65,14,1.48
707,Epinal,FR,45.5,-0.25,62.2,clear sky,72,0,3.44
708,Pacifica,US,19.7297,-155.09,80.8,light rain,79,90,3.44
709,Columbus,US,19.7297,-155.09,80.8,light rain,79,90,3.44
710,Raga,PH,7.9986,124.2928,67.64,broken clouds,92,76,2.26
711,Ardahan,TR,37.0247,35.8175,66.04,broken clouds,80,73,2.21
712,Yuxia,CN,38.4953,102.1739,45.07,overcast clouds,36,100,3.56
713,Pitimbu,BR,-30.1811,-50.2056,60.93,scattered clouds,74,50,7.56
714,Mbini,GQ,3.4568,8.5547,79.38,light rain,84,100,7.2
715,Antofagasta,CL,-53.15,-70.9167,50.11,scattered clouds,53,40,29.93
716,Homer,US,19.7297,-155.09,80.8,light rain,79,90,3.44
717,Dafeng,CN,38.4953,102.1739,45.07,overcast clouds,36,100,3.56
718,Tome-Acu,BR,-30.1811,-50.2056,60.93,scattered clouds,74,50,7.56
719,Goshogawara,JP,35.7333,140.8333,55.8,light rain,73,100,13.78
720,Guigue,VE,8.0086,-62.3989,77.76,overcast clouds,73,97,0.56
721,Khuzhir,RU,69.3833,178.4167,8.29,overcast clouds,88,100,4.16
722,Summerville,US,19.7297,-155.09,80.8,light rain,79,90,3.44
723,Tuatapere,NZ,-35.6167,174.5,70.16,few clouds,65,14,1.48
724,Thyboron,DK,55.0607,15.1306,48.29,light rain,78,100,16.49
725,Lindi,TZ,-10.4,40.3333,74.39,scattered clouds,86,45,7.52
726,Beira,MZ,-19.8436,34.8389,75.29,light rain,88,75,18.41
727,Zhurivka,UA,45.7167,34.4,45.37,scattered clouds,64,35,7.43
728,Fort-Shevchenko,KZ,51.6667,75.3667,44.64,few clouds,67,23,4.7
729,Berdigestyakh,RU,69.3833,178.4167,8.29,overcast clouds,88,100,4.16
730,Vila,VU,-19.55,169.2667,80.71,overcast clouds,78,90,5.75
731,Manali,IN,28.1667,94.7667,71.46,overcast clouds,95,100,1.16
732,Mrirt,MA,35.174,-2.9287,66.45,clear sky,88,0,1.14
733,Borba,BR,-30.1811,-50.2056,60.93,scattered clouds,74,50,7.56
734,Montenegro,BR,-30.1811,-50.2056,60.93,scattered clouds,74,50,7.56
735,Gravdal,NO,70.3705,31.1107,35.92,overcast clouds,61,99,26.96
736,Andenes,NO,70.3705,31.1107,35.92,overcast clouds,61,99,26.96
737,Namatanai,PG,-2.0226,147.2712,84.72,scattered clouds,70,41,10.65
